{"data":{"site":{"siteMetadata":{"title":"Pedro's Tech Blog"}},"allMarkdownRemark":{"edges":[{"node":{"excerpt":"I was using JavaScript for completing some Leetcode challenges and I got some pretty weird behavior. I tried to create a matrix (a two…","fields":{"slug":"/2019/7/array-fill/"},"frontmatter":{"date":"July 04, 2019","title":"Weird behavior for matrix created with Array.fill()","description":"I tried to initialize a two-dimension array with Array.fill() and now weird stuff is happening when I use it. Why??"}}},{"node":{"excerpt":"An Express server showcasing how HTML Chunking behaves, including blocking resources for Critical Rendering Path Why? I’ve read from…","fields":{"slug":"/2019/6/html-chunking/"},"frontmatter":{"date":"June 21, 2019","title":"Streaming HTML responses","description":"How does HTML chunking work when streaming HTML files to the browser?"}}}]}},"pageContext":{"isCreatedByStatefulCreatePages":true}}