{"data":{"site":{"siteMetadata":{"title":"Pedro's Software Blog","author":"Pedro Marquez"}},"markdownRemark":{"id":"6039864c-9474-5d5d-8d96-fe3f694a9652","excerpt":"Far far away, behind the word mountains, far from the countries Vokalia and\nConsonantia, there live the blind texts. Separated they live in Bookmarksgrove\nright…","html":"<p>Far far away, behind the word mountains, far from the countries Vokalia and\nConsonantia, there live the blind texts. Separated they live in Bookmarksgrove\nright at the coast of the Semantics, a large language ocean. A small river named\nDuden flows by their place and supplies it with the necessary regelialia.</p>\n<h2>On deer horse aboard tritely yikes and much</h2>\n<p>The Big Oxmox advised her not to do so, because there were thousands of bad\nCommas, wild Question Marks and devious Semikoli, but the Little Blind Text\ndidn’t listen. She packed her seven versalia, put her initial into the belt and\nmade herself on the way.</p>\n<ul>\n<li>This however showed weasel</li>\n<li>\n<p>Well uncritical so misled</p>\n<ul>\n<li>this is very interesting</li>\n</ul>\n</li>\n<li>Goodness much until that fluid owl</li>\n</ul>\n<p>When she reached the first hills of the <strong>Italic Mountains</strong>, she had a last\nview back on the skyline of her hometown <em>Bookmarksgrove</em>, the headline of\n<a href=\"http://google.com\">Alphabet Village</a> and the subline of her own road, the Line\nLane. Pityful a rethoric question ran over her cheek, then she continued her\nway. On her way she met a copy.</p>\n<h3>Overlaid the jeepers uselessly much excluding</h3>\n<p>But nothing the copy said could convince her and so it didn’t take long until a\nfew insidious Copy Writers ambushed her, made her drunk with\n<a href=\"http://google.com\">Longe and Parole</a> and dragged her into their agency, where\nthey abused her for their projects again and again. And if she hasn’t been\nrewritten, then they are still using her.</p>\n<blockquote>\n<p>Far far away, behind the word mountains, far from the countries Vokalia and\nConsonantia, there live the blind texts. Separated they live in Bookmarksgrove\nright at the coast of the Semantics, a large language ocean.</p>\n</blockquote>\n<p>It is a paradisematic country, in which roasted parts of sentences fly into your\nmouth. Even the all-powerful Pointing has no control about the blind texts it is\nan almost unorthographic life One day however a small line of blind text by the\nname of Lorem Ipsum decided to leave for the far World of Grammar.</p>\n<h3>According a funnily until pre-set or arrogant well cheerful</h3>\n<p>The Big Oxmox advised her not to do so, because there were thousands of bad\nCommas, wild Question Marks and devious Semikoli, but the Little Blind Text\ndidn’t listen. She packed her seven versalia, put her initial into the belt and\nmade herself on the way.</p>\n<ol>\n<li>So baboon this</li>\n<li>Mounted militant weasel gregariously admonishingly straightly hey</li>\n<li>Dear foresaw hungry and much some overhung</li>\n<li>Rash opossum less because less some amid besides yikes jeepers frenetic\nimpassive fruitlessly shut</li>\n</ol>\n<p>When she reached the first hills of the Italic Mountains, she had a last view\nback on the skyline of her hometown Bookmarksgrove, the headline of Alphabet\nVillage and the subline of her own road, the Line Lane. Pityful a rethoric\nquestion ran over her cheek, then she continued her way. On her way she met a\ncopy.</p>\n<blockquote>\n<p>The copy warned the Little Blind Text, that where it came from it would have\nbeen rewritten a thousand times and everything that was left from its origin\nwould be the word “and” and the Little Blind Text should turn around and\nreturn to its own, safe country.</p>\n</blockquote>\n<p>But nothing the copy said could convince her and so it didn’t take long until a\nfew insidious Copy Writers ambushed her, made her drunk with Longe and Parole\nand dragged her into their agency, where they abused her for their projects\nagain and again. And if she hasn’t been rewritten, then they are still using\nher. Far far away, behind the word mountains, far from the countries Vokalia and\nConsonantia, there live the blind texts.</p>\n<h4>Silent delightfully including because before one up barring chameleon</h4>\n<p>Separated they live in Bookmarksgrove right at the coast of the Semantics, a\nlarge language ocean. A small river named Duden flows by their place and\nsupplies it with the necessary regelialia. It is a paradisematic country, in\nwhich roasted parts of sentences fly into your mouth.</p>\n<p>Even the all-powerful Pointing has no control about the blind texts it is an\nalmost unorthographic life One day however a small line of blind text by the\nname of Lorem Ipsum decided to leave for the far World of Grammar. The Big Oxmox\nadvised her not to do so, because there were thousands of bad Commas, wild\nQuestion Marks and devious Semikoli, but the Little Blind Text didn’t listen.</p>\n<h5>Wherever far wow thus a squirrel raccoon jeez jaguar this from along</h5>\n<p>She packed her seven versalia, put her initial into the belt and made herself on\nthe way. When she reached the first hills of the Italic Mountains, she had a\nlast view back on the skyline of her hometown Bookmarksgrove, the headline of\nAlphabet Village and the subline of her own road, the Line Lane. Pityful a\nrethoric question ran over her cheek, then she continued her way. On her way she\nmet a copy.</p>\n<h6>Slapped cozy a that lightheartedly and far</h6>\n<p>The copy warned the Little Blind Text, that where it came from it would have\nbeen rewritten a thousand times and everything that was left from its origin\nwould be the word “and” and the Little Blind Text should turn around and return\nto its own, safe country. But nothing the copy said could convince her and so it\ndidn’t take long until a few insidious Copy Writers ambushed her, made her drunk\nwith Longe and Parole and dragged her into their agency, where they abused her\nfor their projects again and again.</p>","frontmatter":{"title":"New Beginnings","date":"May 28, 2015","description":"This is a custom description for SEO and Open Graph purposes, rather than the default generated excerpt. Simply add a description field to the frontmatter."}}},"pageContext":{"isCreatedByStatefulCreatePages":false,"slug":"/hi-folks/","previous":{"fields":{"slug":"/my-second-post/"},"frontmatter":{"title":"My Second Post!"}},"next":null}}