{"data":{"site":{"siteMetadata":{"title":"Pedro's Software Blog","author":"Pedro Marquez"}},"markdownRemark":{"id":"b4865893-f417-5920-82b2-c15d3d7a492f","excerpt":"After a few months without writing any kind of blog posts, I’ve decided to start my first self-hosted, personal blog. A few months ago I tried to consistently…","html":"<p>After a few months without writing any kind of blog posts, I’ve decided to start my first self-hosted, personal blog. A few months ago I tried to consistently write at <a href=\"https://medium.com/@pfernandom/latest\">Medium</a>, where some of my articles got a pretty good response.</p>\n<p>However, I felt that being a Software Engineer and not writing my own blog was ironic, at least. And while I didn’t code it from the ground up (thanks <a href=\"https://github.com/gatsbyjs/gatsby-starter-blog\">Gatsby</a>), I have more control over it.</p>\n<p>So, for my first post, I decided to share a bit about the reason why I haven’t been writing lately: the weirdness of being a father of two kids with very different ages, here at the Bay Area.</p>\n<h2>Personal Time Off</h2>\n<p>Taking time out of work is a <a href=\"https://bit.ly/2I5cCUj\">polarizing topic</a> for Silicon Valley: Either you should at least be <a href=\"https://cnb.cx/2JZcnfW\">working 25 hours a day</a> to be a successful entrepreneur, <a href=\"https://bit.ly/2CMNApu\">working while your competition sleeps</a>, and spending your weekends building side projects; or you should completely disconnect from Internet, never writing a single line of code outside of work hours.</p>\n<p>For a while, I was convinced that you could get a balanced schedule. A year ago, it wasn’t difficult to find time to code while also finding a moment to play video games with my older son, or taking my wife out for dinner.<br>\nThat changed when the new baby arrived.</p>\n<p>I’m very thankful of working at LinkedIn, where you get a lot of time for paternity leave; a benefit <a href=\"https://bit.ly/2FQtqNa\">unavailable to more than 30 million workers in the USA</a> and that people who do have it don’t tend to fully appreciate it.</p>\n<p>During my weeks off, I was horrified of going back to work and being so rusty that I would be left behind in my project. In between diaper changes, I felt the urge of writing code, or just looking at Stack to see what was happening back at the office.</p>\n<p>Thankfully, with my wife’s help and a good dose of self-control, I fully disconnected and used my time to take care of my family. And while I wasn’t sure at the time, looking back not only I don’t regret that decision but I’m more convinced today that I shouldn’t have worried about work.</p>\n<p>One thing needs to be clear: You can always read an email a few weeks later;but you won’t get the chance of feeding your newborn baby again (unless you have another kid, but for that matter you can also get another job with more emails attached to it, don’t you?).</p>\n<h2>New time schedule</h2>","frontmatter":{"title":"Fatherhood in Silicon Valley","date":"April 01, 2019","description":null}}},"pageContext":{"isCreatedByStatefulCreatePages":false,"slug":"/2019/4/fatherhood/","previous":{"fields":{"slug":"/hello-world/"},"frontmatter":{"title":"Hello World"}},"next":null}}