{"data":{"site":{"siteMetadata":{"title":"Pedro's Tech Blog","author":"Pedro Marquez"}},"markdownRemark":{"id":"ba3494b1-039f-55a5-9eee-89267583e440","excerpt":"After a few months without writing any kind ","html":"<p>After a few months without writing any kind </p>","frontmatter":{"title":"Streaming HTML responses","date":"June 21, 2019","description":"Some description"}}},"pageContext":{"isCreatedByStatefulCreatePages":false,"slug":"/2019/6/html-chunking/","previous":{"fields":{"slug":"/2019/4/fatherhood/"},"frontmatter":{"title":"Fatherhood in Silicon Valley"}},"next":null}}