{"data":{"site":{"siteMetadata":{"title":"Pedro's Software Blog"}},"allMarkdownRemark":{"edges":[{"node":{"excerpt":"I have decided to start a blog. I, like thousands of people out there, will join to the (not so) elite of content producers in Internet…","fields":{"slug":"/2019/4/fatherhood/"},"frontmatter":{"date":"April 01, 2019","title":"Fatherhood in Silicon Valley","description":null}}},{"node":{"excerpt":"This is my first post on my new fake blog! How exciting! I’m sure I’ll write a lot more interesting things in the future. Oh, and here’s a…","fields":{"slug":"/hello-world/"},"frontmatter":{"date":"May 01, 2015","title":"Hello World","description":null}}}]}},"pageContext":{"isCreatedByStatefulCreatePages":true}}