{"data":{"site":{"siteMetadata":{"title":"Pedro's Software Blog"}},"allMarkdownRemark":{"edges":[{"node":{"excerpt":"Far far away, behind the word mountains, far from the countries Vokalia and\nConsonantia, there live the blind texts. Separated they live in…","fields":{"slug":"/hi-folks/"},"frontmatter":{"date":"May 28, 2015","title":"New Beginnings","description":"This is a custom description for SEO and Open Graph purposes, rather than the default generated excerpt. Simply add a description field to the frontmatter."}}},{"node":{"excerpt":"Wow! I love blogging so much already. Did you know that “despite its name, salted duck eggs can also be made from\nchicken eggs, though the…","fields":{"slug":"/my-second-post/"},"frontmatter":{"date":"May 06, 2015","title":"My Second Post!","description":null}}},{"node":{"excerpt":"This is my first post on my new fake blog! How exciting! I’m sure I’ll write a lot more interesting things in the future. Oh, and here’s a…","fields":{"slug":"/hello-world/"},"frontmatter":{"date":"May 01, 2015","title":"Hello World","description":null}}}]}},"pageContext":{"isCreatedByStatefulCreatePages":true}}