{"data":{"site":{"siteMetadata":{"title":"Gatsby Starter Blog","author":"Kyle Mathews"}},"markdownRemark":{"id":"36cc587a-300e-5e2e-884c-640c581109b4","excerpt":"Wow! I love blogging so much already. Did you know that “despite its name, salted duck eggs can also be made from\nchicken eggs, though the taste and texture…","html":"<p>Wow! I love blogging so much already.</p>\n<p>Did you know that “despite its name, salted duck eggs can also be made from\nchicken eggs, though the taste and texture will be somewhat different, and the\negg yolk will be less rich.”?\n(<a href=\"http://en.wikipedia.org/wiki/Salted_duck_egg\">Wikipedia Link</a>)</p>\n<p>Yeah, I didn’t either.</p>","frontmatter":{"title":"My Second Post!","date":"May 06, 2015","description":null}}},"pageContext":{"isCreatedByStatefulCreatePages":false,"slug":"/my-second-post/","previous":{"fields":{"slug":"/hello-world/"},"frontmatter":{"title":"Hello World"}},"next":{"fields":{"slug":"/hi-folks/"},"frontmatter":{"title":"New Beginnings"}}}}