{"app":["/app-96211a4a65e08f972072.js"],"component---node-modules-gatsby-plugin-offline-app-shell-js":["/component---node-modules-gatsby-plugin-offline-app-shell-js-78f9e4dea04737fa062d.js"],"component---src-templates-blog-post-js":["/component---src-templates-blog-post-js-abc790613e64fc568165.js"],"component---src-pages-404-js":["/component---src-pages-404-js-7a39013a6925b61d0746.js"],"component---src-pages-index-js":["/component---src-pages-index-js-df995419a401f942f451.js"],"pages-manifest":["/pages-manifest-ab2dcd40a4a17be81094.js"]}