{"errors":[],"warnings":[],"namedChunkGroups":{"app":{"chunks":[8,7,1],"assets":["webpack-runtime-e09c43fcdef829b3f79d.js","webpack-runtime-e09c43fcdef829b3f79d.js.map","styles.1025963f4f2ec7abbad4.css","styles-565f081c8374bbda155f.js","styles-565f081c8374bbda155f.js.map","app-96211a4a65e08f972072.js","app-96211a4a65e08f972072.js.map"],"children":{},"childAssets":{}},"component---node-modules-gatsby-plugin-offline-app-shell-js":{"chunks":[2],"assets":["component---node-modules-gatsby-plugin-offline-app-shell-js-78f9e4dea04737fa062d.js","component---node-modules-gatsby-plugin-offline-app-shell-js-78f9e4dea04737fa062d.js.map"],"children":{},"childAssets":{}},"component---src-templates-blog-post-js":{"chunks":[0,5],"assets":["0-84a0c17fb8865c06616b.js","0-84a0c17fb8865c06616b.js.map","component---src-templates-blog-post-js-abc790613e64fc568165.js","component---src-templates-blog-post-js-abc790613e64fc568165.js.map"],"children":{},"childAssets":{}},"component---src-pages-404-js":{"chunks":[0,3],"assets":["0-84a0c17fb8865c06616b.js","0-84a0c17fb8865c06616b.js.map","component---src-pages-404-js-7a39013a6925b61d0746.js","component---src-pages-404-js-7a39013a6925b61d0746.js.map"],"children":{},"childAssets":{}},"component---src-pages-index-js":{"chunks":[0,4],"assets":["0-84a0c17fb8865c06616b.js","0-84a0c17fb8865c06616b.js.map","component---src-pages-index-js-df995419a401f942f451.js","component---src-pages-index-js-df995419a401f942f451.js.map"],"children":{},"childAssets":{}},"pages-manifest":{"chunks":[6],"assets":["pages-manifest-ab2dcd40a4a17be81094.js","pages-manifest-ab2dcd40a4a17be81094.js.map"],"children":{},"childAssets":{}}},"assetsByChunkName":{"app":["webpack-runtime-e09c43fcdef829b3f79d.js","styles.1025963f4f2ec7abbad4.css","styles-565f081c8374bbda155f.js","app-96211a4a65e08f972072.js"],"component---node-modules-gatsby-plugin-offline-app-shell-js":["component---node-modules-gatsby-plugin-offline-app-shell-js-78f9e4dea04737fa062d.js"],"component---src-templates-blog-post-js":["0-84a0c17fb8865c06616b.js","component---src-templates-blog-post-js-abc790613e64fc568165.js"],"component---src-pages-404-js":["0-84a0c17fb8865c06616b.js","component---src-pages-404-js-7a39013a6925b61d0746.js"],"component---src-pages-index-js":["0-84a0c17fb8865c06616b.js","component---src-pages-index-js-df995419a401f942f451.js"],"pages-manifest":["pages-manifest-ab2dcd40a4a17be81094.js"]}}