{"data":{"site":{"siteMetadata":{"title":"Pedro's Tech Blog","author":"Pedro Marquez"}},"markdownRemark":{"id":"3eca6b1a-f27a-5dd9-a745-c991cf8a874b","excerpt":"The “back” button in a browser is one of those things that seem so simple no one really puts a lot of thought on it. After all, the concept behind it it’s…","html":"<p>The “back” button in a browser is one of those things that seem so simple no one really puts a lot of thought on it. After all, the concept behind it it’s really simple: You navigate to the previous page you were before. If there is no previous page, the button can’t be clicked. Simple, right?</p>\n<p>Fo you know for sure what “going back” actually involves? Do you look at a cached version of your page? Does it re-render as if you were navigating to it for the first time? What about network requests?\nThese questions might have simple answers when web sites were mostly HTML and CSS, but as we have added more complexity to our web apps with JavaScript and frameworks, the answers are less clear today.</p>\n<p>In this post I’ll try to shed some light on what happens to our web apps when we click on the back button.</p>\n<h2>Static HTML</h2>\n<p>Let’s start from the simplest case. What happens to a static web page when the user hits the back button?</p>","frontmatter":{"title":"What happens when you click on the browser's \"back\" button?","date":"August 16, 2019","description":"What exactly happens to your web application when a user clicks on their browser's back button?"}}},"pageContext":{"isCreatedByStatefulCreatePages":false,"slug":"/2019/","previous":{"fields":{"slug":"/2019/6/html-chunking/"},"frontmatter":{"title":"Streaming HTML responses"}},"next":{"fields":{"slug":"/2019/7/array-fill/"},"frontmatter":{"title":"Weird behavior for matrix created with Array.fill()"}}}}