{"data":{"site":{"siteMetadata":{"title":"Pedro's Software Blog"}},"allMarkdownRemark":{"edges":[{"node":{"excerpt":"After a few months without writing any kind of blog posts, I’ve decided to start my first self-hosted, personal blog. This is not the first…","fields":{"slug":"/2019/4/fatherhood/"},"frontmatter":{"date":"April 01, 2019","title":"Fatherhood in Silicon Valley","description":null}}},{"node":{"excerpt":"This is my first post on my new fake blog! How exciting! I’m sure I’ll write a lot more interesting things in the future. Oh, and here’s a…","fields":{"slug":"/hello-world/"},"frontmatter":{"date":"May 01, 2015","title":"Hello World","description":null}}}]}},"pageContext":{"isCreatedByStatefulCreatePages":true}}