{"data":{"site":{"siteMetadata":{"title":"Pedro's Tech Blog","author":"Pedro Marquez"}},"markdownRemark":{"id":"4c838c2d-34f3-5da3-bee4-07ae9e3f841d","excerpt":"","html":"","frontmatter":{"title":"Weird behavior for matrix created with Array.fill()","date":"July 04, 2019","description":"I tried to initialize a two-dimension array with Array.fill() and now weird stuff is happening when I use it. Why??"}}},"pageContext":{"isCreatedByStatefulCreatePages":false,"slug":"/2019/7/array-fill/","previous":{"fields":{"slug":"/2019/4/fatherhood/"},"frontmatter":{"title":"Fatherhood in Silicon Valley"}},"next":{"fields":{"slug":"/2019/6/html-chunking/"},"frontmatter":{"title":"Streaming HTML responses"}}}}