{"data":{"site":{"siteMetadata":{"title":"Pedro's Software Blog","author":"Pedro Marquez"}},"markdownRemark":{"id":"b4865893-f417-5920-82b2-c15d3d7a492f","excerpt":"I have decided to start a blog. I, like thousands of people out there, will join to the (not so) elite of content producers in Internet. This is not the first…","html":"<p>I have decided to start a blog. I, like thousands of people out there, will join to the (not so) elite of content producers in Internet.</p>\n<p>This is not the first blog I start, and probably won’t be the last. The most consistent blog I’ve had was over <a href=\"https://medium.com/@pfernandom/latest\">Medium</a>.</p>","frontmatter":{"title":"Fatherhood in Silicon Valley","date":"April 01, 2019","description":null}}},"pageContext":{"isCreatedByStatefulCreatePages":false,"slug":"/2019/4/fatherhood/","previous":{"fields":{"slug":"/hello-world/"},"frontmatter":{"title":"Hello World"}},"next":null}}