{"data":{"site":{"siteMetadata":{"title":"Pedro's Tech Blog","author":"Pedro Marquez"}},"markdownRemark":{"id":"4c838c2d-34f3-5da3-bee4-07ae9e3f841d","excerpt":"I was using JavaScript for completing some Leetcode challenges and I got some pretty weird behavior. I tried to create a matrix (a two-dimension array, or array…","html":"<p>I was using JavaScript for completing some Leetcode challenges and I got some pretty weird behavior.</p>\n<p>I tried to create a matrix (a two-dimension array, or array of arrays), initialize it with <code class=\"language-text\">false</code> and then use it in some backtracking problem. I did something like this:</p>\n<div class=\"gatsby-highlight\" data-language=\"text\"><pre class=\"language-text\"><code class=\"language-text\">// Initialize a 3x3 matrix with &quot;false&quot; values.\nconst matrix = Array(3).fill(Array(3).fill(false));\n\n// some stringify to capture the actual values at this point of the execution\nconsole.log(JSON.stringify(matrix));\n\n// set middle value to true\nmatrix[1][1] = true;\n\nconsole.log(JSON.stringify(matrix));</code></pre></div>\n<p>And my console prints this:</p>\n<div class=\"gatsby-highlight\" data-language=\"text\"><pre class=\"language-text\"><code class=\"language-text\">[[false,false,false],\n [false,false,false],\n [false,false,false]]\n\n[[false,true,false],\n [false,true,false],\n [false,true,false]]</code></pre></div>\n<p>Wait, what? If I only set the value at 1,1 to <em>true</em></p>","frontmatter":{"title":"Weird behavior for matrix created with Array.fill()","date":"July 04, 2019","description":"I tried to initialize a two-dimension array with Array.fill() and now weird stuff is happening when I use it. Why??"}}},"pageContext":{"isCreatedByStatefulCreatePages":false,"slug":"/2019/7/array-fill/","previous":{"fields":{"slug":"/2019/6/html-chunking/"},"frontmatter":{"title":"Streaming HTML responses"}},"next":null}}