{"data":{"site":{"siteMetadata":{"title":"Pedro's Tech Blog"}},"allMarkdownRemark":{"edges":[{"node":{"excerpt":"An Express server showcasing how HTML Chunking behaves, including blocking resources for Critical Rendering Path Why? I’ve read from…","fields":{"slug":"/2019/6/html-chunking/"},"frontmatter":{"date":"June 21, 2019","title":"Streaming HTML responses","description":"How does HTML chunking work when streaming HTML files to the browser?"}}},{"node":{"excerpt":"An Express server showcasing how HTML Chunking behaves, including blocking resources for Critical Rendering Path Why? I’ve read from…","fields":{"slug":"/2019/7/html-chunking/"},"frontmatter":{"date":"June 21, 2019","title":"Streaming HTML responses","description":"How does HTML chunking work when streaming HTML files to the browser?"}}},{"node":{"excerpt":"After a few months without writing any kind of blog posts, I’ve decided to start my first self-hosted, personal blog. A few months ago I…","fields":{"slug":"/2019/4/fatherhood/"},"frontmatter":{"date":"April 01, 2019","title":"Fatherhood in Silicon Valley","description":"Some description"}}}]}},"pageContext":{"isCreatedByStatefulCreatePages":true}}